uniprot	cif_gz	parse_ok	residues	bfactor_min	bfactor_med	bfactor_max	plddt_in_0_100	pae_present	pae_dim	pae_square_ok	uniprot_len	seq_len_match	len_agreement_ratio	notes
Q2SIP2	data/afdb/cif_gz/AF-Q2SIP2-F1-model_v4.cif.gz	1	464	64.65	97.00	98.89	1	1	464	1	464	1	1.000	ok
C0R4E1	data/afdb/cif_gz/AF-C0R4E1-F1-model_v4.cif.gz	1	355	31.17	94.65	98.73	1	1	355	1	355	1	1.000	ok
Q68WD3	data/afdb/cif_gz/AF-Q68WD3-F1-model_v4.cif.gz	1	203	27.91	82.80	92.62	1	1	203	1	203	1	1.000	ok
A6MM15	data/afdb/cif_gz/AF-A6MM15-F1-model_v4.cif.gz	1	123	79.59	96.57	98.30	1	1	123	1	123	1	1.000	ok
A8ZV65	data/afdb/cif_gz/AF-A8ZV65-F1-model_v4.cif.gz	1	62	54.29	86.43	92.73	1	1	62	1	62	1	1.000	ok
B1VAE5	data/afdb/cif_gz/AF-B1VAE5-F1-model_v4.cif.gz	1	276	70.79	96.16	98.28	1	1	276	1	276	1	1.000	ok
Q59093	data/afdb/cif_gz/AF-Q59093-F1-model_v4.cif.gz	1	266	41.53	98.69	98.97	1	1	266	1	266	1	1.000	ok
A7H622	data/afdb/cif_gz/AF-A7H622-F1-model_v4.cif.gz	1	414	62.56	98.70	98.96	1	1	414	1	414	1	1.000	ok
Q9UNF1	data/afdb/cif_gz/AF-Q9UNF1-F1-model_v4.cif.gz	1	606	28.21	51.43	95.49	1	1	606	1	606	1	1.000	ok
P15749	data/afdb/cif_gz/AF-P15749-F1-model_v4.cif.gz	1	198	32.96	92.87	98.35	1	1	198	1	198	1	1.000	ok
A4YBZ8	data/afdb/cif_gz/AF-A4YBZ8-F1-model_v4.cif.gz	1	316	43.78	93.97	98.61	1	1	316	1	316	1	1.000	ok
B0U3B1	data/afdb/cif_gz/AF-B0U3B1-F1-model_v4.cif.gz	1	375	43.28	96.47	98.77	1	1	375	1	375	1	1.000	ok
Q83I73	data/afdb/cif_gz/AF-Q83I73-F1-model_v4.cif.gz	1	119	40.30	94.38	97.07	1	1	119	1	119	1	1.000	ok
Q7A7B5	data/afdb/cif_gz/AF-Q7A7B5-F1-model_v4.cif.gz	1	100	36.56	97.33	98.75	1	1	100	1	100	1	1.000	ok
A8LAW3	data/afdb/cif_gz/AF-A8LAW3-F1-model_v4.cif.gz	1	388	68.67	96.30	98.67	1	1	388	1	388	1	1.000	ok
P51246	data/afdb/cif_gz/AF-P51246-F1-model_v4.cif.gz	1	82	64.49	98.05	98.58	1	1	82	1	82	1	1.000	ok
B1JIQ3	data/afdb/cif_gz/AF-B1JIQ3-F1-model_v4.cif.gz	1	173	36.51	96.08	98.73	1	1	173	1	173	1	1.000	ok
Q7UHE2	data/afdb/cif_gz/AF-Q7UHE2-F1-model_v4.cif.gz	1	329	35.19	95.33	98.83	1	1	329	1	329	1	1.000	ok
A7IFD4	data/afdb/cif_gz/AF-A7IFD4-F1-model_v4.cif.gz	1	651	34.32	96.99	98.95	1	1	651	1	651	1	1.000	ok
B5Z6S4	data/afdb/cif_gz/AF-B5Z6S4-F1-model_v4.cif.gz	1	67	54.78	77.69	84.19	1	1	67	1	67	1	1.000	ok
P28798	data/afdb/cif_gz/AF-P28798-F1-model_v4.cif.gz	1	589	28.78	81.87	95.33	1	1	589	1	589	1	1.000	ok
A7X4S9	data/afdb/cif_gz/AF-A7X4S9-F1-model_v4.cif.gz	1	263	46.61	98.29	98.95	1	1	263	1	263	1	1.000	ok
Q6B8R7	data/afdb/cif_gz/AF-Q6B8R7-F1-model_v4.cif.gz	1	628	34.23	93.40	98.21	1	1	628	1	628	1	1.000	ok
A6QH16	data/afdb/cif_gz/AF-A6QH16-F1-model_v4.cif.gz	1	354	79.88	98.13	98.91	1	1	354	1	354	1	1.000	ok
P25692	data/afdb/cif_gz/AF-P25692-F1-model_v4.cif.gz	1	128	34.04	53.74	85.76	1	1	128	1	128	1	1.000	ok
A5WB80	data/afdb/cif_gz/AF-A5WB80-F1-model_v4.cif.gz	1	479	44.43	95.10	98.90	1	1	479	1	479	1	1.000	ok
B7M5G6	data/afdb/cif_gz/AF-B7M5G6-F1-model_v4.cif.gz	1	213	58.61	96.30	98.74	1	1	213	1	213	1	1.000	ok
Q0VC22	data/afdb/cif_gz/AF-Q0VC22-F1-model_v4.cif.gz	1	316	27.95	96.41	98.79	1	1	316	1	316	1	1.000	ok
Q7KQM2	data/afdb/cif_gz/AF-Q7KQM2-F1-model_v4.cif.gz	1	184	49.51	90.25	98.82	1	1	184	1	184	1	1.000	ok
B9DLS6	data/afdb/cif_gz/AF-B9DLS6-F1-model_v4.cif.gz	1	309	80.02	97.53	98.88	1	1	309	1	309	1	1.000	ok
B5EIT8	data/afdb/cif_gz/AF-B5EIT8-F1-model_v4.cif.gz	1	240	67.31	97.78	98.92	1	1	240	1	240	1	1.000	ok
Q1RE29	data/afdb/cif_gz/AF-Q1RE29-F1-model_v4.cif.gz	1	234	56.08	98.32	98.95	1	1	234	1	234	1	1.000	ok
O31984	data/afdb/cif_gz/AF-O31984-F1-model_v4.cif.gz	1	88	48.81	90.36	97.58	1	1	88	1	88	1	1.000	ok
B2T2E9	data/afdb/cif_gz/AF-B2T2E9-F1-model_v4.cif.gz	1	200	46.95	94.47	97.90	1	1	200	1	200	1	1.000	ok
O74035	data/afdb/cif_gz/AF-O74035-F1-model_v4.cif.gz	1	228	62.15	96.66	98.92	1	1	228	1	228	1	1.000	ok
Q5HPZ3	data/afdb/cif_gz/AF-Q5HPZ3-F1-model_v4.cif.gz	1	175	52.56	97.17	98.75	1	1	175	1	175	1	1.000	ok
B2A0V2	data/afdb/cif_gz/AF-B2A0V2-F1-model_v4.cif.gz	1	115	37.91	95.69	98.57	1	1	115	1	115	1	1.000	ok
A7ZHA5	data/afdb/cif_gz/AF-A7ZHA5-F1-model_v4.cif.gz	1	376	29.62	90.85	97.32	1	1	376	1	376	1	1.000	ok
A7MFR6	data/afdb/cif_gz/AF-A7MFR6-F1-model_v4.cif.gz	1	78	56.98	93.39	96.15	1	1	78	1	78	1	1.000	ok
P0C8B5	data/afdb/cif_gz/AF-P0C8B5-F1-model_v4.cif.gz	1	100	46.83	72.49	96.83	1	1	100	1	100	1	1.000	ok
Q9LSQ4	data/afdb/cif_gz/AF-Q9LSQ4-F1-model_v4.cif.gz	1	612	29.26	96.05	98.78	1	1	612	1	612	1	1.000	ok
Q7W9M7	data/afdb/cif_gz/AF-Q7W9M7-F1-model_v4.cif.gz	1	419	61.28	97.72	98.96	1	1	419	1	419	1	1.000	ok
Q29LT4	data/afdb/cif_gz/AF-Q29LT4-F1-model_v4.cif.gz	1	586	46.62	92.82	98.90	1	1	586	1	586	1	1.000	ok
Q8XYH4	data/afdb/cif_gz/AF-Q8XYH4-F1-model_v4.cif.gz	1	205	68.88	97.86	98.74	1	1	205	1	205	1	1.000	ok
Q8LCH9	data/afdb/cif_gz/AF-Q8LCH9-F1-model_v4.cif.gz	1	126	34.43	97.64	98.79	1	1	126	1	126	1	1.000	ok
Q55BN9	data/afdb/cif_gz/AF-Q55BN9-F1-model_v4.cif.gz	1	136	47.84	96.19	98.31	1	1	136	1	136	1	1.000	ok
Q1C420	data/afdb/cif_gz/AF-Q1C420-F1-model_v4.cif.gz	1	738	24.34	93.00	98.64	1	1	738	1	738	1	1.000	ok
P60292	data/afdb/cif_gz/AF-P60292-F1-model_v4.cif.gz	1	65	81.74	94.98	96.95	1	1	65	1	65	1	1.000	ok
O29510	data/afdb/cif_gz/AF-O29510-F1-model_v4.cif.gz	1	299	36.48	95.93	98.80	1	1	299	1	299	1	1.000	ok
P55368	data/afdb/cif_gz/AF-P55368-F1-model_v4.cif.gz	1	694	34.24	88.74	97.72	1	1	694	1	694	1	1.000	ok
B0CLM5	data/afdb/cif_gz/AF-B0CLM5-F1-model_v4.cif.gz	1	502	49.24	95.47	98.69	1	1	502	1	502	1	1.000	ok
Q1CCX5	data/afdb/cif_gz/AF-Q1CCX5-F1-model_v4.cif.gz	1	315	48.07	97.91	98.94	1	1	315	1	315	1	1.000	ok
Q9L4N8	data/afdb/cif_gz/AF-Q9L4N8-F1-model_v4.cif.gz	1	173	57.63	96.90	98.87	1	1	173	1	173	1	1.000	ok
Q3ZBA8	data/afdb/cif_gz/AF-Q3ZBA8-F1-model_v4.cif.gz	1	357	32.05	95.94	98.93	1	1	357	1	357	1	1.000	ok
Q8FY85	data/afdb/cif_gz/AF-Q8FY85-F1-model_v4.cif.gz	1	228	59.98	98.72	98.94	1	1	228	1	228	1	1.000	ok
Q0T802	data/afdb/cif_gz/AF-Q0T802-F1-model_v4.cif.gz	1	251	88.42	98.63	98.94	1	1	251	1	251	1	1.000	ok
A9AZP9	data/afdb/cif_gz/AF-A9AZP9-F1-model_v4.cif.gz	1	286	62.37	98.03	98.91	1	1	286	1	286	1	1.000	ok
B5EXE0	data/afdb/cif_gz/AF-B5EXE0-F1-model_v4.cif.gz	1	269	69.37	97.59	98.74	1	1	269	1	269	1	1.000	ok
Q9XSC9	data/afdb/cif_gz/AF-Q9XSC9-F1-model_v4.cif.gz	1	432	33.33	95.51	98.87	1	1	432	1	432	1	1.000	ok
Q7A6M2	data/afdb/cif_gz/AF-Q7A6M2-F1-model_v4.cif.gz	1	341	59.75	93.83	98.42	1	1	341	1	341	1	1.000	ok
C6DYX9	data/afdb/cif_gz/AF-C6DYX9-F1-model_v4.cif.gz	1	291	30.64	97.36	98.90	1	1	291	1	291	1	1.000	ok
Q3V4Z6	data/afdb/cif_gz/AF-Q3V4Z6-F1-model_v4.cif.gz	1	135	77.83	95.94	98.08	1	1	135	1	135	1	1.000	ok
C1AKN3	data/afdb/cif_gz/AF-C1AKN3-F1-model_v4.cif.gz	1	326	35.07	97.38	98.84	1	1	326	1	326	1	1.000	ok
Q9GRW0	data/afdb/cif_gz/AF-Q9GRW0-F1-model_v4.cif.gz	1	415	35.37	94.99	98.90	1	1	415	1	415	1	1.000	ok
Q7NGP8	data/afdb/cif_gz/AF-Q7NGP8-F1-model_v4.cif.gz	1	513	28.88	95.74	98.56	1	1	513	1	513	1	1.000	ok
A5DR93	data/afdb/cif_gz/AF-A5DR93-F1-model_v4.cif.gz	1	281	31.14	87.39	97.12	1	1	281	1	281	1	1.000	ok
A9N0F4	data/afdb/cif_gz/AF-A9N0F4-F1-model_v4.cif.gz	1	220	87.03	98.52	98.96	1	1	220	1	220	1	1.000	ok
Q28W72	data/afdb/cif_gz/AF-Q28W72-F1-model_v4.cif.gz	1	201	81.51	97.07	98.74	1	1	201	1	201	1	1.000	ok
Q3SB05	data/afdb/cif_gz/AF-Q3SB05-F1-model_v4.cif.gz	1	238	44.91	97.10	98.89	1	1	238	1	238	1	1.000	ok
Q4A6A3	data/afdb/cif_gz/AF-Q4A6A3-F1-model_v4.cif.gz	1	421	90.58	98.38	98.95	1	1	421	1	421	1	1.000	ok
Q9LUS2	data/afdb/cif_gz/AF-Q9LUS2-F1-model_v4.cif.gz	1	1089	22.22	72.92	98.00	1	1	1089	1	1089	1	1.000	ok
Q8P276	data/afdb/cif_gz/AF-Q8P276-F1-model_v4.cif.gz	1	801	23.16	90.87	98.31	1	1	801	1	801	1	1.000	ok
A8GTT8	data/afdb/cif_gz/AF-A8GTT8-F1-model_v4.cif.gz	1	445	59.16	96.46	98.92	1	1	445	1	445	1	1.000	ok
B1MGB7	data/afdb/cif_gz/AF-B1MGB7-F1-model_v4.cif.gz	1	305	33.14	95.17	98.92	1	1	305	1	305	1	1.000	ok
Q01UN8	data/afdb/cif_gz/AF-Q01UN8-F1-model_v4.cif.gz	1	151	59.59	92.20	96.80	1	1	151	1	151	1	1.000	ok
Q94T68	data/afdb/cif_gz/AF-Q94T68-F1-model_v4.cif.gz	1	380	70.61	98.49	98.91	1	1	380	1	380	1	1.000	ok
A8AP02	data/afdb/cif_gz/AF-A8AP02-F1-model_v4.cif.gz	1	282	38.71	97.40	98.85	1	1	282	1	282	1	1.000	ok
A7NB31	data/afdb/cif_gz/AF-A7NB31-F1-model_v4.cif.gz	1	261	75.80	98.55	98.95	1	1	261	1	261	1	1.000	ok
Q1XDJ7	data/afdb/cif_gz/AF-Q1XDJ7-F1-model_v4.cif.gz	1	137	41.01	93.97	97.34	1	1	137	1	137	1	1.000	ok
Q8DVX0	data/afdb/cif_gz/AF-Q8DVX0-F1-model_v4.cif.gz	1	44	88.98	97.91	98.45	1	1	44	1	44	1	1.000	ok
Q0I4B4	data/afdb/cif_gz/AF-Q0I4B4-F1-model_v4.cif.gz	1	333	50.58	92.56	98.88	1	1	333	1	333	1	1.000	ok
Q5Z2C8	data/afdb/cif_gz/AF-Q5Z2C8-F1-model_v4.cif.gz	1	225	66.05	97.87	98.87	1	1	225	1	225	1	1.000	ok
Q47GC9	data/afdb/cif_gz/AF-Q47GC9-F1-model_v4.cif.gz	1	317	46.28	98.03	98.96	1	1	317	1	317	1	1.000	ok
A2SI34	data/afdb/cif_gz/AF-A2SI34-F1-model_v4.cif.gz	1	303	65.31	97.86	98.88	1	1	303	1	303	1	1.000	ok
Q8U1N4	data/afdb/cif_gz/AF-Q8U1N4-F1-model_v4.cif.gz	1	411	79.07	97.57	98.89	1	1	411	1	411	1	1.000	ok
Q4UQT7	data/afdb/cif_gz/AF-Q4UQT7-F1-model_v4.cif.gz	1	174	41.32	93.21	96.82	1	1	174	1	174	1	1.000	ok
D4P2Y4	data/afdb/cif_gz/AF-D4P2Y4-F1-model_v4.cif.gz	1	206	81.37	98.03	98.91	1	1	206	1	206	1	1.000	ok
B5BJP1	data/afdb/cif_gz/AF-B5BJP1-F1-model_v4.cif.gz	1	283	35.77	97.58	98.90	1	1	283	1	283	1	1.000	ok
Q9KA57	data/afdb/cif_gz/AF-Q9KA57-F1-model_v4.cif.gz	1	162	51.31	97.67	98.92	1	1	162	1	162	1	1.000	ok
A7I6C5	data/afdb/cif_gz/AF-A7I6C5-F1-model_v4.cif.gz	1	442	38.24	98.03	98.92	1	1	442	1	442	1	1.000	ok
P21575	data/afdb/cif_gz/AF-P21575-F1-model_v4.cif.gz	1	864	28.07	86.60	98.41	1	1	864	1	864	1	1.000	ok
Q0SZ27	data/afdb/cif_gz/AF-Q0SZ27-F1-model_v4.cif.gz	1	546	62.69	87.09	98.16	1	1	546	1	546	1	1.000	ok
B7ID34	data/afdb/cif_gz/AF-B7ID34-F1-model_v4.cif.gz	1	293	59.84	97.26	98.92	1	1	293	1	293	1	1.000	ok
P59377	data/afdb/cif_gz/AF-P59377-F1-model_v4.cif.gz	1	129	55.51	94.64	97.35	1	1	129	1	129	1	1.000	ok
Q6CG20	data/afdb/cif_gz/AF-Q6CG20-F1-model_v4.cif.gz	1	381	39.82	91.32	98.70	1	1	381	1	381	1	1.000	ok
Q64FW2	data/afdb/cif_gz/AF-Q64FW2-F1-model_v4.cif.gz	1	609	60.34	96.34	98.96	1	1	609	1	609	1	1.000	ok
Q9LTE3	data/afdb/cif_gz/AF-Q9LTE3-F1-model_v4.cif.gz	1	118	38.37	79.75	88.97	1	1	118	1	118	1	1.000	ok
B0BBB5	data/afdb/cif_gz/AF-B0BBB5-F1-model_v4.cif.gz	1	245	35.73	92.46	98.29	1	1	245	1	245	1	1.000	ok
D0VWM8	data/afdb/cif_gz/AF-D0VWM8-F1-model_v4.cif.gz	1	414	33.32	79.08	92.52	1	1	414	1	414	1	1.000	ok
Q8G527	data/afdb/cif_gz/AF-Q8G527-F1-model_v4.cif.gz	1	301	42.72	98.13	98.92	1	1	301	1	301	1	1.000	ok
Q6FSB0	data/afdb/cif_gz/AF-Q6FSB0-F1-model_v4.cif.gz	1	222	30.72	58.18	97.16	1	1	222	1	222	1	1.000	ok
Q07TW1	data/afdb/cif_gz/AF-Q07TW1-F1-model_v4.cif.gz	1	73	54.83	83.35	92.30	1	1	73	1	73	1	1.000	ok
B7UQ77	data/afdb/cif_gz/AF-B7UQ77-F1-model_v4.cif.gz	1	203	39.23	98.51	98.96	1	1	203	1	203	1	1.000	ok
Q818E1	data/afdb/cif_gz/AF-Q818E1-F1-model_v4.cif.gz	1	85	69.25	94.51	97.29	1	1	85	1	85	1	1.000	ok
Q08479	data/afdb/cif_gz/AF-Q08479-F1-model_v4.cif.gz	1	241	47.32	94.58	98.60	1	1	241	1	241	1	1.000	ok
Q73W61	data/afdb/cif_gz/AF-Q73W61-F1-model_v4.cif.gz	1	357	32.47	98.26	98.94	1	1	357	1	357	1	1.000	ok
Q53UH5	data/afdb/cif_gz/AF-Q53UH5-F1-model_v4.cif.gz	1	459	35.25	96.42	98.84	1	1	459	1	459	1	1.000	ok
Q5RAK3	data/afdb/cif_gz/AF-Q5RAK3-F1-model_v4.cif.gz	1	592	26.00	42.46	94.38	1	1	592	1	592	1	1.000	ok
P39127	data/afdb/cif_gz/AF-P39127-F1-model_v4.cif.gz	1	291	57.26	95.50	98.58	1	1	291	1	291	1	1.000	ok
C0RE50	data/afdb/cif_gz/AF-C0RE50-F1-model_v4.cif.gz	1	169	56.76	98.09	98.93	1	1	169	1	169	1	1.000	ok
B0KK56	data/afdb/cif_gz/AF-B0KK56-F1-model_v4.cif.gz	1	143	42.10	77.63	85.76	1	1	143	1	143	1	1.000	ok
O13983	data/afdb/cif_gz/AF-O13983-F1-model_v4.cif.gz	1	1063	25.58	86.87	98.25	1	1	1063	1	1063	1	1.000	ok
C0SPB9	data/afdb/cif_gz/AF-C0SPB9-F1-model_v4.cif.gz	1	373	43.74	93.59	98.50	1	1	373	1	373	1	1.000	ok
P40682	data/afdb/cif_gz/AF-P40682-F1-model_v4.cif.gz	1	468	30.22	86.14	96.95	1	1	468	1	468	1	1.000	ok
P42498	data/afdb/cif_gz/AF-P42498-F1-model_v4.cif.gz	1	1112	23.94	83.50	96.69	1	1	1112	1	1112	1	1.000	ok
A1JNB1	data/afdb/cif_gz/AF-A1JNB1-F1-model_v4.cif.gz	1	214	88.79	96.24	98.75	1	1	214	1	214	1	1.000	ok
Q9CZQ9	data/afdb/cif_gz/AF-Q9CZQ9-F1-model_v4.cif.gz	1	341	38.56	95.41	98.56	1	1	341	1	341	1	1.000	ok
O42143	data/afdb/cif_gz/AF-O42143-F1-model_v4.cif.gz	1	266	25.64	57.84	93.33	1	1	266	1	266	1	1.000	ok
P86684	data/afdb/cif_gz/AF-P86684-F1-model_v4.cif.gz	1	29	53.52	87.13	94.24	1	1	29	1	29	1	1.000	ok
Q0BLY6	data/afdb/cif_gz/AF-Q0BLY6-F1-model_v4.cif.gz	1	370	38.33	96.98	98.77	1	1	370	1	370	1	1.000	ok
A0K9N9	data/afdb/cif_gz/AF-A0K9N9-F1-model_v4.cif.gz	1	503	45.00	98.05	98.98	1	1	503	1	503	1	1.000	ok
B9J8M0	data/afdb/cif_gz/AF-B9J8M0-F1-model_v4.cif.gz	1	167	38.66	95.34	98.77	1	1	167	1	167	1	1.000	ok
Q7J197	data/afdb/cif_gz/AF-Q7J197-F1-model_v4.cif.gz	1	35	56.21	97.68	98.50	1	1	35	1	35	1	1.000	ok
Q5F9Y6	data/afdb/cif_gz/AF-Q5F9Y6-F1-model_v4.cif.gz	1	261	30.27	97.24	98.91	1	1	261	1	261	1	1.000	ok
Q2JRL0	data/afdb/cif_gz/AF-Q2JRL0-F1-model_v4.cif.gz	1	206	37.96	98.70	98.96	1	1	206	1	206	1	1.000	ok
B6I3I4	data/afdb/cif_gz/AF-B6I3I4-F1-model_v4.cif.gz	1	396	33.82	97.00	98.92	1	1	396	1	396	1	1.000	ok
Q9ZJ80	data/afdb/cif_gz/AF-Q9ZJ80-F1-model_v4.cif.gz	1	522	25.99	89.78	98.26	1	1	522	1	522	1	1.000	ok
A6VWY0	data/afdb/cif_gz/AF-A6VWY0-F1-model_v4.cif.gz	1	547	33.13	93.66	98.33	1	1	547	1	547	1	1.000	ok
Q8PC45	data/afdb/cif_gz/AF-Q8PC45-F1-model_v4.cif.gz	1	89	43.50	93.25	96.87	1	1	89	1	89	1	1.000	ok
Q65XX7	data/afdb/cif_gz/AF-Q65XX7-F1-model_v4.cif.gz	1	262	22.94	53.32	95.53	1	1	262	1	262	1	1.000	ok
Q6CKV0	data/afdb/cif_gz/AF-Q6CKV0-F1-model_v4.cif.gz	1	490	19.15	88.53	98.34	1	1	490	1	490	1	1.000	ok
Q6D3B2	data/afdb/cif_gz/AF-Q6D3B2-F1-model_v4.cif.gz	1	301	40.37	94.27	98.30	1	1	301	1	301	1	1.000	ok
Q67Q57	data/afdb/cif_gz/AF-Q67Q57-F1-model_v4.cif.gz	1	318	32.11	96.28	98.74	1	1	318	1	318	1	1.000	ok
B2TTV6	data/afdb/cif_gz/AF-B2TTV6-F1-model_v4.cif.gz	1	213	63.81	97.77	98.92	1	1	213	1	213	1	1.000	ok
Q9BP66	data/afdb/cif_gz/AF-Q9BP66-F1-model_v4.cif.gz	1	78	49.84	75.49	89.44	1	1	78	1	78	1	1.000	ok
Q6EW55	data/afdb/cif_gz/AF-Q6EW55-F1-model_v4.cif.gz	1	29	58.64	96.93	98.29	1	1	29	1	29	1	1.000	ok
A7Z3X4	data/afdb/cif_gz/AF-A7Z3X4-F1-model_v4.cif.gz	1	404	37.25	97.86	98.95	1	1	404	1	404	1	1.000	ok
O84358	data/afdb/cif_gz/AF-O84358-F1-model_v4.cif.gz	1	277	62.01	96.35	98.85	1	1	277	1	277	1	1.000	ok
A8G0U8	data/afdb/cif_gz/AF-A8G0U8-F1-model_v4.cif.gz	1	293	45.51	93.24	98.87	1	1	293	1	293	1	1.000	ok
P0DD10	data/afdb/cif_gz/AF-P0DD10-F1-model_v4.cif.gz	1	213	57.54	97.52	98.87	1	1	213	1	213	1	1.000	ok
Q8A8C4	data/afdb/cif_gz/AF-Q8A8C4-F1-model_v4.cif.gz	1	193	27.82	95.62	98.39	1	1	193	1	193	1	1.000	ok
C5BQT6	data/afdb/cif_gz/AF-C5BQT6-F1-model_v4.cif.gz	1	177	45.67	92.38	97.84	1	1	177	1	177	1	1.000	ok
B3R000	data/afdb/cif_gz/AF-B3R000-F1-model_v4.cif.gz	1	89	42.99	95.59	97.78	1	1	89	1	89	1	1.000	ok
Q3MJ62	data/afdb/cif_gz/AF-Q3MJ62-F1-model_v4.cif.gz	1	389	21.27	77.21	92.77	1	1	389	1	389	1	1.000	ok
A6UTE5	data/afdb/cif_gz/AF-A6UTE5-F1-model_v4.cif.gz	1	115	50.18	97.22	98.59	1	1	115	1	115	1	1.000	ok
B2SCP3	data/afdb/cif_gz/AF-B2SCP3-F1-model_v4.cif.gz	1	352	38.04	98.20	98.92	1	1	352	1	352	1	1.000	ok
A0A068A9T2	data/afdb/cif_gz/AF-A0A068A9T2-F1-model_v4.cif.gz	1	513	44.50	95.23	98.74	1	1	513	1	513	1	1.000	ok
C0SHQ0	data/afdb/cif_gz/AF-C0SHQ0-F1-model_v4.cif.gz	1	468	28.91	97.97	98.95	1	1	468	1	468	1	1.000	ok
B2LMI9	data/afdb/cif_gz/AF-B2LMI9-F1-model_v4.cif.gz	1	473	30.25	98.18	98.88	1	1	473	1	473	1	1.000	ok
Q57HD7	data/afdb/cif_gz/AF-Q57HD7-F1-model_v4.cif.gz	1	254	29.16	97.17	98.90	1	1	254	1	254	1	1.000	ok
A3M958	data/afdb/cif_gz/AF-A3M958-F1-model_v4.cif.gz	1	125	35.32	96.91	98.32	1	1	125	1	125	1	1.000	ok
A8M4I4	data/afdb/cif_gz/AF-A8M4I4-F1-model_v4.cif.gz	1	392	45.06	98.25	98.93	1	1	392	1	392	1	1.000	ok
P0CU28	data/afdb/cif_gz/AF-P0CU28-F1-model_v4.cif.gz	1	136	48.28	94.23	97.98	1	1	136	1	136	1	1.000	ok
Q5N1D9	data/afdb/cif_gz/AF-Q5N1D9-F1-model_v4.cif.gz	1	504	38.08	97.55	98.91	1	1	504	1	504	1	1.000	ok
C0HJY1	data/afdb/cif_gz/AF-C0HJY1-F1-model_v4.cif.gz	1	237	66.85	98.56	98.96	1	1	237	1	237	1	1.000	ok
P64768	data/afdb/cif_gz/AF-P64768-F1-model_v4.cif.gz	1	105	54.64	95.68	98.78	1	1	105	1	105	1	1.000	ok
Q47RX0	data/afdb/cif_gz/AF-Q47RX0-F1-model_v4.cif.gz	1	438	53.02	96.08	98.77	1	1	438	1	438	1	1.000	ok
Q57R63	data/afdb/cif_gz/AF-Q57R63-F1-model_v4.cif.gz	1	550	77.28	97.94	98.95	1	1	550	1	550	1	1.000	ok
Q95000	data/afdb/cif_gz/AF-Q95000-F1-model_v4.cif.gz	1	357	49.76	96.71	98.92	1	1	357	1	357	1	1.000	ok
B5YF73	data/afdb/cif_gz/AF-B5YF73-F1-model_v4.cif.gz	1	392	78.10	98.29	98.94	1	1	392	1	392	1	1.000	ok
B4TQC2	data/afdb/cif_gz/AF-B4TQC2-F1-model_v4.cif.gz	1	715	28.52	95.96	98.82	1	1	715	1	715	1	1.000	ok
Q9FNI1	data/afdb/cif_gz/AF-Q9FNI1-F1-model_v4.cif.gz	1	122	40.42	56.28	93.52	1	1	122	1	122	1	1.000	ok
Q8Y5S8	data/afdb/cif_gz/AF-Q8Y5S8-F1-model_v4.cif.gz	1	306	61.99	98.28	98.95	1	1	306	1	306	1	1.000	ok
Q9A3P3	data/afdb/cif_gz/AF-Q9A3P3-F1-model_v4.cif.gz	1	210	78.25	98.48	98.90	1	1	210	1	210	1	1.000	ok
Q9CJN6	data/afdb/cif_gz/AF-Q9CJN6-F1-model_v4.cif.gz	1	359	78.38	97.93	98.93	1	1	359	1	359	1	1.000	ok
Q24SN7	data/afdb/cif_gz/AF-Q24SN7-F1-model_v4.cif.gz	1	103	78.75	94.83	98.14	1	1	103	1	103	1	1.000	ok
B0U1Q3	data/afdb/cif_gz/AF-B0U1Q3-F1-model_v4.cif.gz	1	281	81.09	97.84	98.93	1	1	281	1	281	1	1.000	ok
B8ZUK6	data/afdb/cif_gz/AF-B8ZUK6-F1-model_v4.cif.gz	1	187	56.67	96.30	98.41	1	1	187	1	187	1	1.000	ok
B2S688	data/afdb/cif_gz/AF-B2S688-F1-model_v4.cif.gz	1	124	32.29	84.99	93.32	1	1	124	1	124	1	1.000	ok
Q3YWV7	data/afdb/cif_gz/AF-Q3YWV7-F1-model_v4.cif.gz	1	59	63.38	96.34	98.11	1	1	59	1	59	1	1.000	ok
P97427	data/afdb/cif_gz/AF-P97427-F1-model_v4.cif.gz	1	572	32.57	97.90	98.93	1	1	572	1	572	1	1.000	ok
Q98N36	data/afdb/cif_gz/AF-Q98N36-F1-model_v4.cif.gz	1	198	69.18	96.10	98.65	1	1	198	1	198	1	1.000	ok
C4ZZG9	data/afdb/cif_gz/AF-C4ZZG9-F1-model_v4.cif.gz	1	192	52.90	94.41	98.77	1	1	192	1	192	1	1.000	ok
Q9ZUA2	data/afdb/cif_gz/AF-Q9ZUA2-F1-model_v4.cif.gz	1	559	26.60	93.66	98.54	1	1	559	1	559	1	1.000	ok
A2WKS3	data/afdb/cif_gz/AF-A2WKS3-F1-model_v4.cif.gz	1	153	35.78	95.28	97.61	1	1	153	1	153	1	1.000	ok
P0C410	data/afdb/cif_gz/AF-P0C410-F1-model_v4.cif.gz	1	61	56.46	90.46	98.50	1	1	61	1	61	1	1.000	ok
Q55E54	data/afdb/cif_gz/AF-Q55E54-F1-model_v4.cif.gz	1	962	20.65	93.23	98.80	1	1	962	1	962	1	1.000	ok
B9KIC8	data/afdb/cif_gz/AF-B9KIC8-F1-model_v4.cif.gz	1	120	60.94	97.16	98.86	1	1	120	1	120	1	1.000	ok
A3NYL8	data/afdb/cif_gz/AF-A3NYL8-F1-model_v4.cif.gz	1	407	37.24	92.36	98.44	1	1	407	1	407	1	1.000	ok
Q18FJ9	data/afdb/cif_gz/AF-Q18FJ9-F1-model_v4.cif.gz	1	932	23.76	89.97	98.71	1	1	932	1	932	1	1.000	ok
B1JPS4	data/afdb/cif_gz/AF-B1JPS4-F1-model_v4.cif.gz	1	270	33.06	96.17	98.86	1	1	270	1	270	1	1.000	ok
P83502	data/afdb/cif_gz/AF-P83502-F1-model_v4.cif.gz	1	290	25.55	87.43	95.29	1	1	290	1	290	1	1.000	ok
Q5ALN1	data/afdb/cif_gz/AF-Q5ALN1-F1-model_v4.cif.gz	1	292	38.30	85.86	95.53	1	1	292	1	292	1	1.000	ok
D2Y2Q8	data/afdb/cif_gz/AF-D2Y2Q8-F1-model_v4.cif.gz	1	88	58.11	94.04	98.31	1	1	88	1	88	1	1.000	ok
Q4UVM9	data/afdb/cif_gz/AF-Q4UVM9-F1-model_v4.cif.gz	1	518	40.47	97.66	98.91	1	1	518	1	518	1	1.000	ok
P28235	data/afdb/cif_gz/AF-P28235-F1-model_v4.cif.gz	1	333	34.77	84.00	97.72	1	1	333	1	333	1	1.000	ok
Q9RDD7	data/afdb/cif_gz/AF-Q9RDD7-F1-model_v4.cif.gz	1	378	30.55	92.51	97.77	1	1	378	1	378	1	1.000	ok
Q31ZY2	data/afdb/cif_gz/AF-Q31ZY2-F1-model_v4.cif.gz	1	644	45.47	96.87	98.95	1	1	644	1	644	1	1.000	ok
P28552	data/afdb/cif_gz/AF-P28552-F1-model_v4.cif.gz	1	376	30.84	90.89	97.83	1	1	376	1	376	1	1.000	ok
P02962	data/afdb/cif_gz/AF-P02962-F1-model_v4.cif.gz	1	196	39.60	94.60	98.33	1	1	196	1	196	1	1.000	ok
P49700	data/afdb/cif_gz/AF-P49700-F1-model_v4.cif.gz	1	462	24.67	91.36	98.61	1	1	462	1	462	1	1.000	ok
Q6F2F0	data/afdb/cif_gz/AF-Q6F2F0-F1-model_v4.cif.gz	1	376	31.55	45.38	98.55	1	1	376	1	376	1	1.000	ok
P33772	data/afdb/cif_gz/AF-P33772-F1-model_v4.cif.gz	1	289	33.85	94.71	98.90	1	1	289	1	289	1	1.000	ok
P0A2P5	data/afdb/cif_gz/AF-P0A2P5-F1-model_v4.cif.gz	1	72	52.56	93.17	97.12	1	1	72	1	72	1	1.000	ok
Q9JV52	data/afdb/cif_gz/AF-Q9JV52-F1-model_v4.cif.gz	1	354	55.22	98.56	98.97	1	1	354	1	354	1	1.000	ok
Q4US42	data/afdb/cif_gz/AF-Q4US42-F1-model_v4.cif.gz	1	316	40.23	97.63	98.88	1	1	316	1	316	1	1.000	ok
A4FWX2	data/afdb/cif_gz/AF-A4FWX2-F1-model_v4.cif.gz	1	429	60.72	98.16	98.93	1	1	429	1	429	1	1.000	ok
A3PZ57	data/afdb/cif_gz/AF-A3PZ57-F1-model_v4.cif.gz	1	162	34.27	97.33	98.89	1	1	162	1	162	1	1.000	ok
Q09338	data/afdb/cif_gz/AF-Q09338-F1-model_v4.cif.gz	1	192	27.96	78.18	95.16	1	1	192	1	192	1	1.000	ok
Q92MQ8	data/afdb/cif_gz/AF-Q92MQ8-F1-model_v4.cif.gz	1	214	38.01	97.85	98.87	1	1	214	1	214	1	1.000	ok
